module	line	kind	name
AFunctor	43	def	ASection.worldRot
AFunctor	59	theorem	ASection.worldRot_one
AFunctor	68	theorem	ASection.worldRot_comp
AFunctor	87	def	ASection.poleRot
AFunctor	91	theorem	ASection.poleRot_smul
AFunctor	100	def	ASection.dirLink
AFunctor	106	theorem	ASection.neg_mem_unitImaginarySphere
AFunctor	117	def	ASection.poleGen
AFunctor	124	def	ASection.functorA
AFunctor	137	def	ASection.TotalA
AFunctor	148	def	ASection.readout
ASection	39	def	weierstrassE
ASection	47	def	spherePrimary
ASection	52	structure	ASection
ASection	207	theorem	ASection.zero_free_on_halfSpace
ASection	214	theorem	ASection.real_on_real
Base	42	def	Base
Base	53	def	bandFunctor
Base	61	def	TotalObject
Base	72	def	TotalObject.level
Base	81	theorem	TotalObject.level_eq_of_zigzag
Base	91	def	TotalObject.ofLevel
Base	103	def	TotalObject.levelClass
Base	111	theorem	TotalObject.eq_ofLevel
Base	119	theorem	TotalObject.zigzag_iff_level
Base	132	theorem	totalObject_components_eq_levels
Basic	1	def	hello
CayleyDictionary	34	def	GreatCircle.cayleyGL
CayleyDictionary	41	theorem	GreatCircle.cayleyGL_val
CayleyDictionary	46	def	GreatCircle.cayleyMoebius
CayleyDictionary	50	def	GreatCircle.cayleyConjGL
CayleyDictionary	55	def	GreatCircle.glToMoebius
CayleyDictionary	59	def	GreatCircle.cayleyConjMoebiusGL
CayleyDictionary	64	theorem	GreatCircle.cayleyConjMoebiusGL_scalar
CayleyDictionary	94	def	GreatCircle.cayleyProjective
CayleyDictionary	98	theorem	GreatCircle.cayleyProjective_mk
CayleyDictionary	103	def	GreatCircle.complexPoint
CayleyDictionary	107	def	GreatCircle.cayleyCoord
CayleyDictionary	111	theorem	GreatCircle.cayleyCoord_infty
CayleyDictionary	118	theorem	GreatCircle.cayleyCoord_equivariant
CayleyDictionary	135	theorem	GreatCircle.cayleyMoebius_apply_infty
CayleyDictionary	141	theorem	GreatCircle.cayleyMoebius_apply_real
CayleyDictionary	152	theorem	GreatCircle.norm_cayley_real
CayleyDictionary	172	def	GreatCircle.distinguishedGL
CayleyDictionary	182	theorem	GreatCircle.distinguishedGL_val
CayleyDictionary	187	def	GreatCircle.distinguishedMoebius
CayleyDictionary	191	theorem	GreatCircle.distinguishedMoebius_apply
CayleyDictionary	205	theorem	GreatCircle.distinguishedMoebius_zero
CayleyDictionary	217	theorem	GreatCircle.cayleyProjective_mul
CayleyDictionary	222	def	GreatCircle.phaseCircle
CayleyDictionary	225	theorem	GreatCircle.phaseCircle_coe
CayleyDictionary	231	theorem	GreatCircle.distinguished_phase_is_band
CayleyDictionary	239	def	GreatCircle.distinguishedCompDen
CayleyDictionary	244	def	GreatCircle.distinguishedCompNum
CayleyDictionary	249	theorem	GreatCircle.distinguishedComp_normSq_gap
CayleyDictionary	259	theorem	GreatCircle.distinguishedCompDen_ne_zero
CayleyDictionary	270	def	GreatCircle.distinguishedCompW
CayleyDictionary	288	def	GreatCircle.distinguishedCompPhase
CayleyDictionary	300	def	GreatCircle.distinguishedCompScalar
CayleyDictionary	307	theorem	GreatCircle.distinguishedGL_mul
CayleyDictionary	353	theorem	GreatCircle.distinguishedMoebius_mul
CayleyDictionary	383	theorem	ASection.exp_phase_eq_sliceEmbed
ConcentricityReadout	57	theorem	ASection.realizes_of_value_eq
ConcentricityReadout	83	theorem	ASection.realizes_value_eq
ConcentricityReadout	106	theorem	ASection.value_const_on_component
ConcentricityReadout	123	theorem	ASection.shared_level_at_scale
ConcentricityReadout	139	def	ASection.anchor
ConcentricityReadout	161	def	ASection.zeroAddress
ConcentricityReadout	171	theorem	ASection.transport_pi0_singleton
ConcentricityReadout	197	theorem	ASection.totalA_pi0_singleton
ConcentricityReadout	217	theorem	ASection.label_on_shared_circle
ConcentricityReadout	228	theorem	ASection.label_class_eq_nClass
ConcentricityReadout	243	theorem	ASection.zero_levels_common
ConcentricityReadout	269	theorem	ASection.concentricity
ConnectedBase	26	def	ASection.Fstar
ConnectedBase	29	theorem	ASection.Fstar_infty
ConnectedBase	32	theorem	ASection.Fstar_coe
ConnectedBase	44	theorem	ASection.gpvBase_transport_star
ConnectedBase	73	def	ASection.circleEmbed
ConnectedBase	77	def	ASection.NonSingular
ConnectedBase	83	def	ASection.Base
ConnectedBase	88	def	ASection.Realizes
ConnectedBase	98	theorem	ASection.realizes_id
ConnectedBase	120	theorem	ASection.realizes_inv
ConnectedBase	145	theorem	ASection.realizes_comp
ConnectedBase	191	instance	ASection.instGroupoidBase
Corollaries	32	theorem	ASection.nontrivial_one_centre
Corollaries	46	theorem	zeta_riemannHypothesis
Corollaries	57	theorem	zeta_criticalLine_zeros_infinite
FaithfulApply	10	theorem	itself
FaithfulApply	99	def	ASection.valuePath
FaithfulApply	105	theorem	ASection.valuePath_apply
FaithfulApply	122	theorem	ASection.gpvBase_transport
FaithfulApply	173	theorem	ASection.great_circle_value_degenerate
FaithfulApply	198	theorem	ASection.great_circle_lift_through_degenerate
FaithfulApply	274	theorem	ASection.great_circle_passage_total
FaithfulApply	328	theorem	ASection.zero_encounters_joined_concentric
FaithfulApply	354	theorem	ASection.pole_encounters_joined_concentric
FaithfulApply	557	theorem	ASection.concentricity_via_faithfulApply
FlipWeld	96	theorem	stemDirSign_eq_zero_iff
FlipWeld	102	theorem	sign_pm_of_ne_zero
FlipWeld	109	theorem	neg_one_zpow_pm
FlipWeld	115	theorem	pm_resolve_neq
FlipWeld	127	theorem	stem_sign_eq_on_free
FlipWeld	161	theorem	obstruction_free_left
FlipWeld	183	theorem	obstruction_free_right
FlipWeld	216	theorem	crossingData_of_isolated
FlipWeld	234	theorem	crossingData_of_finite_obstruction
FlipWeld	246	theorem	stemSignature_eq_circularSignature
FlipWeld	257	theorem	circularSignature_int_parity
FlipWeld	290	theorem	stemSignature_int_parity
FlipWeld	301	theorem	stemSignature_ne_zero_of_odd_flips
FlipWeld	316	theorem	stemSignature_eq_neg_one_of_odd
FlipWeld	334	theorem	arc_one_band
FlipWeld	389	theorem	CrossingData.eventually_im_ne_left
FlipWeld	396	theorem	CrossingData.eventually_im_ne_right
FlipWeld	405	theorem	CrossingData.eventually_above_iff_left
FlipWeld	421	theorem	CrossingData.eventually_above_iff_right
FlipWeld	439	theorem	CrossingData.eventually_below_iff_right
FlipWeld	465	theorem	CrossingData.bounce_conserves_band
FlipWeld	480	theorem	CrossingData.flip_steps_band
FlipWeld	504	theorem	exists_flip_of_up_rung
FlipWeld	646	def	conjLoop
FlipWeld	649	theorem	conjLoop_apply
FlipWeld	654	theorem	conjLoop_obstructionSet
FlipWeld	662	def	CrossingData.ofConj
FlipWeld	688	theorem	CrossingData.ofConj_t
FlipWeld	692	theorem	CrossingData.ofConj_isFlip
FlipWeld	703	theorem	exists_flip_of_rung_between
FlipWeld	739	theorem	unitInterval_zero_lt_one
FlipWeld	754	theorem	exists_interior_flip_of_stemWinding_ne_zero
FlipWeld	821	theorem	stemWinding_eq_zero_of_no_interior_flip
FlipWeld	842	theorem	closed_lift_of_no_interior_flip
FlipWeld	860	theorem	ASection.domain_crossing_obstruction
FlipWeld	876	theorem	weierstrassE_conj
FlipWeld	890	theorem	spherePrimary_ofReal
FlipWeld	899	theorem	spherePrimary_ofReal_im
FlipWeld	904	theorem	spherePrimary_ofReal_nonneg
FlipWeld	915	theorem	spherePrimary_ofReal_pos
FlipWeld	927	theorem	re_mul_of_im_eq_zero
FlipWeld	936	theorem	ASection.sphereTail_real_nonneg
FlipWeld	960	theorem	ASection.exp_gfac_real_pos
FlipWeld	970	theorem	ASection.crossing_value_real
FlipWeld	986	theorem	ASection.crossing_sign_rigid
FlipWeld	1035	theorem	ASection.crossing_sign_const_between
FlipWeld	1082	theorem	ASection.rect_value_flip
FlipWeld	1176	theorem	ASection.concentricity_via_flipWeld
G2	27	structure	G2
G2	36	theorem	G2.ext
G2	69	theorem	G2.smul_def
G2	72	theorem	G2.smul_mul
G2	79	theorem	G2.smul_one
G2	87	theorem	G2.smul_ofReal
G2	105	theorem	G2.exists_smul_basicTriple
G2	194	theorem	G2.exists_smul_eq_of_mem_unitImaginarySphere
G2	231	def	H1
InboxWire	73	theorem	lift_ladder
InboxWire	113	theorem	ASection.euler_branch_ladder
InboxWire	146	theorem	ASection.euler_branch_level
InboxWire	187	theorem	odd_rung_rigidity
InboxWire	258	theorem	ASection.degenerate_stretch_pins_band
InboxWire	305	theorem	stemWinding_eq_zero_of_offReal
InboxWire	316	theorem	offReal_loop_every_branch_closes
InboxWire	341	theorem	ASection.offReal_value_loop_closes
InboxWire	398	theorem	ASection.sphereZero_norm_tendsto_atTop
InboxWire	422	theorem	ASection.sphereZero_im_tendsto_atTop
InboxWire	456	theorem	ASection.indices_below_height_finite
InboxWire	508	theorem	s2_component_exp_eq_iff
InboxWire	553	theorem	ASection.s2_value_class_halfSpace
IntegrateTheorem	16	theorem	itself
IntegrateTheorem	76	theorem	ASection.eventually_ne_zero_near_pole
IntegrateTheorem	103	theorem	ASection.cone_tape_escape
IntegrateTheorem	127	theorem	ASection.tape_continuousOn_real
IntegrateTheorem	144	theorem	ASection.real_segment_tape_sweeps
IntegrateTheorem	167	theorem	ASection.cone_junction_levels_shared
IntegrateTheorem	270	structure	ASection.GpvTransportWitness
IntegrateTheorem	313	def	ASection.GpvPopulated
IntegrateTheorem	323	def	ASection.gpvPopulated
IntegrateTheorem	337	theorem	ASection.gpvPopulated_extends_populated
IntegrateTheorem	343	def	ASection.GpvPopulated.forget
IntegrateTheorem	357	theorem	ASection.concentricity_transport_gpv
IntegrateTheorem	364	theorem	ASection.transport_universal_gpv
IntegrateTheorem	373	structure	ASection.GpvZigzag
IntegrateTheorem	383	def	ASection.gpvZigzag
IntegrateTheorem	402	theorem	ASection.gpv_zigzag_readout
IntegrateTheorem	423	theorem	ASection.not_concentric_iff_spread
IntegrateTheorem	446	theorem	ASection.two_level_apparatus
KernelE4	107	def	ASection.levelSet
KernelE4	110	theorem	ASection.levelSet_nonempty
KernelE4	115	theorem	ASection.levelSet_bddAbove
KernelE4	121	theorem	ASection.levelSet_bddBelow
KernelE4	129	def	ASection.supLevel
KernelE4	133	def	ASection.infLevel
KernelE4	135	theorem	ASection.le_supLevel
KernelE4	139	theorem	ASection.infLevel_le
KernelE4	143	theorem	ASection.infLevel_le_supLevel
KernelE4	149	theorem	ASection.supLevel_le_upperEdge
KernelE4	156	theorem	ASection.supLevel_eq_of_concentric
KernelE4	164	theorem	ASection.infLevel_eq_of_concentric
KernelE4	186	theorem	ASection.liSum_first_family_of_supLevel_le
KernelE4	216	theorem	ASection.liSum_second_family_of_le_infLevel
KernelE4	249	theorem	ASection.liSum_first_family_at_supLevel
KernelE4	255	theorem	ASection.liSum_second_family_at_infLevel
KernelE4	272	theorem	ASection.concentricity_iff_supLevel_le
KernelE4	283	theorem	ASection.concentricity_iff_le_infLevel
KernelE4	294	theorem	ASection.concentricity_iff_infLevel_eq_supLevel
KernelE4	311	theorem	ASection.concentricity_iff_exists_two_sided_level
KernelE4	334	theorem	ASection.supLevel_mem_closure
KernelE4	341	theorem	ASection.exists_levels_tendsto_supLevel
KernelE4	362	theorem	ASection.no_finite_zero_accumulation
KernelE4	424	theorem	ASection.tendsto_norm_atTop_of_levels_tendsto_supLevel
KernelE4	459	theorem	ASection.supLevel_attained_or_escape
KeystoneAssembly	35	theorem	KeystoneAssembly.value_loop_lift_defect
KeystoneAssembly	52	theorem	KeystoneAssembly.value_loop_lift_unique
KeystoneAssembly	61	theorem	KeystoneAssembly.lift_level_at_degenerate
KeystoneFinality	35	theorem	ASection.sphereZero_ne_zero
KeystoneFinality	45	def	ASection.coneInvariant
KeystoneFinality	50	theorem	ASection.transportLevel_eq_coneInvariant
KeystoneFinality	58	theorem	ASection.euler_assembly_tendsto
KeystoneFinality	71	theorem	ASection.weierstrass_assembly_tendsto
KeystoneFinality	81	theorem	ASection.transportLevel_const_via_finality
LiKernel	42	def	liKernel
LiKernel	52	def	ASection.liSum
LiKernel	77	def	liRatio
LiKernel	80	theorem	liKernel_eq_ratio
LiKernel	85	theorem	liRatio_num_ne_zero
LiKernel	94	theorem	liRatio_den_ne_zero
LiKernel	102	theorem	liRatio_ne_zero
LiKernel	110	theorem	normSq_anchor_sub_mirror
LiKernel	120	theorem	liRatio_norm_eq_one
LiKernel	135	theorem	liRatio_norm_lt_one
LiKernel	150	theorem	one_lt_liRatio_norm
LiKernel	165	theorem	liKernel_re_nonneg
LiKernel	183	theorem	exists_pow_forall_norm_sub_one_lt
LiKernel	242	theorem	exists_liKernel_sum_neg
LiKernel	342	theorem	finite_BL
LiKernel	413	theorem	ASection.re_le_upperEdge
LiKernel	422	theorem	summable_inv_one_add_norm_sq_center_shift
LiKernel	447	theorem	norm_one_add_pow_sub_one_sub_mul_le
LiKernel	513	theorem	ASection.blDensity_of_density
LiKernel	544	theorem	ASection.liSum_summable_of_density
LiKernel	694	theorem	ASection.liSum_summable_of_density_at
LiKernel	717	theorem	ASection.liSum_summable
LiKernel	732	theorem	ASection.liSum_first_side
LiKernel	774	theorem	norm_one_add_pow_sub_one_sub_mul_le'
LiKernel	845	theorem	liKernel_re_tail_bound
LiKernel	972	theorem	exists_liKernel_sum_neg_slack
LiKernel	1132	theorem	ASection.exists_liSum_neg
LiKernel	1301	theorem	ASection.liSum_second_side
LogManifold	113	theorem	Octonion.continuous_re
LogManifold	119	theorem	Octonion.continuous_normSq
LogManifold	126	theorem	Octonion.continuous_norm
LogManifold	130	theorem	Octonion.continuous_ofReal
LogManifold	135	theorem	Octonion.continuous_im
LogManifold	153	theorem	Octonion.continuousOn_log_norm
LogManifold	162	theorem	Octonion.level_tape_continuous
LogManifold	176	theorem	Octonion.level_eq_log_norm_exp
LogManifold	189	theorem	Octonion.lift_level_tape
LogManifold	201	theorem	Octonion.lift_level_continuous
LogManifold	216	theorem	Octonion.lift_level_unique
LogManifold	231	theorem	Octonion.lift_loop_level_closes
LogManifold	243	theorem	Octonion.exp_eq_neg_ofReal_iff
LogManifold	259	theorem	Octonion.real_segment_lift_neg
LogManifold	288	theorem	Octonion.real_segment_lift_pos
LogManifold	351	def	Octonion.Eexp
LogManifold	357	def	Octonion.logManifold
LogManifold	364	theorem	Octonion.pr1_Eexp
LogManifold	368	theorem	Octonion.pr2_Eexp
LogManifold	375	def	Octonion.Llog
LogManifold	381	structure	Octonion.is
LogManifold	384	theorem	Octonion.Llog_Eexp
LogManifold	392	theorem	Octonion.Eexp_injective
LogManifold	397	theorem	Octonion.Eexp_Llog
LogManifold	407	theorem	Octonion.exp_Llog
LogManifold	418	theorem	Octonion.re_Llog_of_mem
LogManifold	428	theorem	Octonion.degenerate_sphere_mem
LogManifold	446	theorem	Octonion.logManifold_fibre_neg_real
LogManifold	466	theorem	Octonion.degenerate_level_readout
LogManifold	479	theorem	Octonion.sphere_path
LogManifold	558	theorem	Octonion.exp_fibre_sphere_connected
LogManifold	587	theorem	Octonion.exp_fibre_conj_joined
LogManifold	617	theorem	Octonion.degenerate_passage
LogManifold	650	structure	Octonion.IsLift
LogManifold	660	theorem	Octonion.isLift_of_continuation
LogManifold	683	theorem	Octonion.continuation_of_isLift
LogManifold	704	theorem	Octonion.lift_iff_continuation
LogManifold	729	structure	Octonion.IsLoopLift
LogManifold	737	theorem	Octonion.IsLoopLift.level_tape
LogManifold	750	theorem	Octonion.IsLoopLift.level_periodic
LogManifold	758	theorem	Octonion.IsLoopLift.level_continuous
LogManifold	790	theorem	level_coe_cocompact_tendsto
LogManifold	807	theorem	ASection.zero_passage_level_atBot
LogManifold	845	theorem	ASection.pole_passage_level_atTop
LogManifold	863	theorem	ASection.pole_degenerate_passages
LogManifold	1046	theorem	ASection.zero_passage_manifold_data
LogManifold	1068	theorem	ASection.pole_passage_manifold_data
LogManifold	1098	theorem	ASection.level_circle_meets
LoopAssembly	59	theorem	winding_defect_lift_independent
LoopAssembly	92	theorem	winding_loop_closed
LoopAssembly	107	theorem	winding_loop_defect_level_zero
LoopAssembly	126	theorem	exp_eq_neg_real_iff
LoopAssembly	161	theorem	exp_fibre_level
LoopAssembly	172	theorem	exp_fibre_height_band
LoopAssembly	189	theorem	ASection.pole_cone_tendsto
LoopAssembly	198	theorem	ASection.pole_cone_chart
LoopAssembly	207	theorem	ASection.pole_cone_eps_delta
LoopAssembly	225	theorem	ASection.neg_reals_swept_near_sphereZero
LoopAssembly	271	theorem	ASection.shared_ladder_encounters
NormalizedAction	17	def	ASection.NormalizedSlicePoint
NormalizedAction	23	def	ASection.normalizedSectionObject
NormalizedAction	28	def	ASection.normalizedZeroSlicePoint
NormalizedAction	33	def	ASection.normalizedWorldRotate
NormalizedAction	39	theorem	ASection.normalizedZeroLift_equivariant
NormalizedAction	48	theorem	ASection.normalizedSectionPoint_equivariant
NormalizedAction	59	theorem	ASection.normalizedSectionObject_world
NormalizedAction	62	theorem	ASection.normalizedZeroSlicePoint_world
NormalizedAction	65	theorem	ASection.normalizedZeroSlicePoint_value
NormalizedAction	71	theorem	ASection.normalizedSectionObject_zero_value
NormalizedBase	19	abbrev	ASection.NormalizedCircleBase
NormalizedBase	22	def	ASection.normalizedFootpoint
NormalizedBase	28	structure	ASection.NormalizedZeroObject
NormalizedBase	39	def	ASection.normalizedZero
NormalizedBase	48	theorem	ASection.normalizedZero_index
NormalizedBase	51	theorem	ASection.normalizedZero_label
NormalizedBase	54	theorem	ASection.normalizedZero_footpoint
NormalizedBase	59	theorem	ASection.normalizedZero_label_world_independent
NormalizedBase	65	theorem	ASection.normalizedZero_on_shared_circle
NormalizedBase	75	def	ASection.normalizedZeroLift
NormalizedBase	79	def	ASection.normalizedZeroPoint
NormalizedBase	83	theorem	ASection.normalizedZeroPoint_mem_sliceSphere
NormalizedBase	92	theorem	ASection.normalizedZeroLift_re
NormalizedBase	98	def	ASection.normalizedSectionPoint
NormalizedBase	101	theorem	ASection.normalizedSectionPoint_mem_sliceSphere
NormalizedBase	123	theorem	Octonion.norm_smul
NormalizedBase	131	theorem	Octonion.norm_sliceEmbed_sub_sliceEmbed
NormalizedBase	137	theorem	Octonion.norm_sliceEmbed
NormalizedBase	149	theorem	ASection.normalizedZeroLift_norm
NormalizedBase	157	theorem	ASection.normalizedZero_collapse_at_N
NormalizedCone	25	structure	ASection.NormalizedZeroCone
NormalizedCone	36	theorem	ASection.NormalizedZeroCone.zero_levels_common
NormalizedCone	49	theorem	ASection.concentricity_of_normalized_zero_cone
NormalizedNLeg	16	def	ASection.NormalizedNLeg.source
NormalizedNLeg	20	def	ASection.NormalizedNLeg.target
NormalizedNLeg	25	structure	ASection.NormalizedNLeg
NormalizedNLeg	38	def	ASection.normalizedNLeg
NormalizedNLeg	42	theorem	ASection.normalizedNLeg_source_label
NormalizedNLeg	46	theorem	ASection.normalizedNLeg_target_is_N
NormalizedPoleBridge	18	theorem	ASection.normalizedZero_pole_winding
NormalizedPoleBridge	48	theorem	ASection.normalizedZero_pole_power_closes
Octonion	35	def	Octonion
Octonion	52	theorem	Octonion.mul_def
Octonion	58	theorem	Octonion.one_def
Octonion	63	theorem	Octonion.star_def
Octonion	65	theorem	Octonion.fst_mul
Octonion	66	theorem	Octonion.snd_mul
Octonion	70	theorem	Octonion.fst_add
Octonion	71	theorem	Octonion.snd_add
Octonion	72	theorem	Octonion.fst_zero
Octonion	73	theorem	Octonion.snd_zero
Octonion	74	theorem	Octonion.fst_neg
Octonion	75	theorem	Octonion.snd_neg
Octonion	94	theorem	Octonion.one_mul
Octonion	97	theorem	Octonion.mul_one
Octonion	101	def	Octonion.ofReal
Octonion	105	def	Octonion.re
Octonion	107	theorem	Octonion.re_ofReal
Octonion	112	def	Octonion.normSq
Octonion	114	theorem	Octonion.normSq_zero
Octonion	116	theorem	Octonion.normSq_one
Octonion	124	theorem	Octonion.normSq_mul
Octonion	138	def	Octonion.IsImaginary
Octonion	142	def	Octonion.unitImaginarySphere
Octonion	148	theorem	Octonion.sq_eq_neg_one_of_mem_unitImaginarySphere
Octonion	180	theorem	Octonion.alt_left
Octonion	212	theorem	Octonion.alt_right
OctonionForm	32	def	Octonion.innerO
OctonionForm	34	theorem	Octonion.innerO_comm
OctonionForm	39	theorem	Octonion.innerO_one
OctonionForm	58	theorem	Octonion.innerO_def'
OctonionForm	69	theorem	Octonion.innerO_neg_right
OctonionForm	79	theorem	Octonion.mul_self_eq
OctonionForm	100	theorem	Octonion.innerO_mul_mul_left
OctonionForm	106	theorem	Octonion.innerO_mul_mul_right
OctonionForm	114	theorem	Octonion.mul_anticomm_of_orthogonal
OctonionForm	153	theorem	Octonion.mul_mem_unitImaginarySphere_of_orthogonal
OctonionForm	183	structure	Octonion.BasicTriple
OctonionForm	197	theorem	Octonion.fst_smul
OctonionForm	198	theorem	Octonion.snd_smul
OctonionForm	202	theorem	Octonion.normSq_smul
OctonionForm	210	theorem	Octonion.innerO_add_left
OctonionForm	219	theorem	Octonion.innerO_smul_left
OctonionForm	228	theorem	Octonion.normSq_pos_of_ne_zero
OctonionForm	243	theorem	Octonion.normSq_normalize
OctonionForm	250	def	Octonion.innerOLinear
OctonionForm	255	theorem	Octonion.innerOLinear_apply
OctonionForm	264	theorem	Octonion.finrank_eq_eight
OctonionForm	275	theorem	Octonion.exists_basicTriple
OctonionForm	332	theorem	Octonion.innerO_add_right
OctonionForm	336	theorem	Octonion.innerO_neg_left
OctonionForm	339	theorem	Octonion.innerO_one_left
OctonionForm	343	theorem	Octonion.innerO_self
OctonionForm	351	theorem	Octonion.normSq_add_eq
OctonionForm	358	theorem	Octonion.innerO_mul_exchange
OctonionForm	368	theorem	Octonion.innerO_mul_right_adjoint
OctonionForm	375	theorem	Octonion.innerO_mul_left_adjoint
OctonionForm	408	theorem	Octonion.mul_alt_left_linear
OctonionForm	422	theorem	Octonion.mul_alt_right_linear
OctonionForm	436	theorem	Octonion.self_mul_mul
OctonionForm	443	theorem	Octonion.mul_mul_self
OctonionForm	458	theorem	Octonion.BasicTriple.uw_mem
OctonionForm	461	theorem	Octonion.BasicTriple.innerO_u_uw
OctonionForm	464	theorem	Octonion.BasicTriple.innerO_w_uw
OctonionForm	467	theorem	Octonion.BasicTriple.uz_mem
OctonionForm	470	theorem	Octonion.BasicTriple.innerO_u_uz
OctonionForm	473	theorem	Octonion.BasicTriple.innerO_z_uz
OctonionForm	476	theorem	Octonion.BasicTriple.wz_mem
OctonionForm	479	theorem	Octonion.BasicTriple.innerO_w_wz
OctonionForm	482	theorem	Octonion.BasicTriple.innerO_z_wz
OctonionForm	485	theorem	Octonion.BasicTriple.uwz_mem
OctonionForm	488	theorem	Octonion.BasicTriple.innerO_uw_uwz
OctonionForm	491	theorem	Octonion.BasicTriple.innerO_z_uwz
OctonionForm	495	theorem	Octonion.BasicTriple.innerO_w_uz
OctonionForm	501	theorem	Octonion.BasicTriple.innerO_u_wz
OctonionForm	508	theorem	Octonion.BasicTriple.innerO_uw_uz
OctonionForm	511	theorem	Octonion.BasicTriple.innerO_uz_wz
OctonionForm	514	theorem	Octonion.BasicTriple.innerO_uw_wz
OctonionForm	520	theorem	Octonion.BasicTriple.innerO_uz_uwz
OctonionForm	523	theorem	Octonion.BasicTriple.innerO_wz_uwz
OctonionForm	526	theorem	Octonion.BasicTriple.innerO_u_uwz
OctonionForm	533	theorem	Octonion.BasicTriple.innerO_w_uwz
OctonionForm	549	theorem	Octonion.BasicTriple.mul_u_u
OctonionForm	552	theorem	Octonion.BasicTriple.mul_w_w
OctonionForm	555	theorem	Octonion.BasicTriple.mul_z_z
OctonionForm	558	theorem	Octonion.BasicTriple.mul_uw_uw
OctonionForm	561	theorem	Octonion.BasicTriple.mul_uz_uz
OctonionForm	564	theorem	Octonion.BasicTriple.mul_wz_wz
OctonionForm	567	theorem	Octonion.BasicTriple.mul_uwz_uwz
OctonionForm	570	theorem	Octonion.BasicTriple.mul_w_u
OctonionForm	574	theorem	Octonion.BasicTriple.mul_z_u
OctonionForm	578	theorem	Octonion.BasicTriple.mul_z_w
OctonionForm	582	theorem	Octonion.BasicTriple.mul_z_uw
OctonionForm	586	theorem	Octonion.BasicTriple.mul_u_uw
OctonionForm	588	theorem	Octonion.BasicTriple.mul_u_uz
OctonionForm	590	theorem	Octonion.BasicTriple.mul_w_wz
OctonionForm	592	theorem	Octonion.BasicTriple.mul_uw_uwz
OctonionForm	595	theorem	Octonion.BasicTriple.mul_uz_z
OctonionForm	597	theorem	Octonion.BasicTriple.mul_wz_z
OctonionForm	599	theorem	Octonion.BasicTriple.mul_uwz_z
OctonionForm	602	theorem	Octonion.BasicTriple.mul_w_uw
OctonionForm	606	theorem	Octonion.BasicTriple.mul_z_uz
OctonionForm	610	theorem	Octonion.BasicTriple.mul_z_wz
OctonionForm	614	theorem	Octonion.BasicTriple.mul_z_uwz
OctonionForm	618	theorem	Octonion.BasicTriple.mul_uw_u
OctonionForm	623	theorem	Octonion.BasicTriple.mul_uw_w
OctonionForm	628	theorem	Octonion.BasicTriple.mul_uz_u
OctonionForm	633	theorem	Octonion.BasicTriple.mul_wz_w
OctonionForm	638	theorem	Octonion.BasicTriple.mul_uwz_uw
OctonionForm	643	theorem	Octonion.BasicTriple.mul_uz_w
OctonionForm	648	theorem	Octonion.BasicTriple.mul_w_uz
OctonionForm	652	theorem	Octonion.BasicTriple.mul_u_wz
OctonionForm	657	theorem	Octonion.BasicTriple.mul_wz_u
OctonionForm	662	theorem	Octonion.BasicTriple.mul_uwz_u
OctonionForm	667	theorem	Octonion.BasicTriple.mul_u_uwz
OctonionForm	671	theorem	Octonion.BasicTriple.mul_uw_uz
OctonionForm	676	theorem	Octonion.BasicTriple.mul_uz_uw
OctonionForm	681	theorem	Octonion.BasicTriple.mul_uwz_w
OctonionForm	687	theorem	Octonion.BasicTriple.mul_w_uwz
OctonionForm	691	theorem	Octonion.BasicTriple.mul_uw_wz
OctonionForm	697	theorem	Octonion.BasicTriple.mul_wz_uw
OctonionForm	702	theorem	Octonion.BasicTriple.mul_uz_wz
OctonionForm	708	theorem	Octonion.BasicTriple.mul_wz_uz
OctonionForm	713	theorem	Octonion.BasicTriple.mul_uz_uwz
OctonionForm	720	theorem	Octonion.BasicTriple.mul_uwz_uz
OctonionForm	725	theorem	Octonion.BasicTriple.mul_wz_uwz
OctonionForm	731	theorem	Octonion.BasicTriple.mul_uwz_wz
OctonionForm	740	def	Octonion.BasicTriple.frame
OctonionForm	745	theorem	Octonion.BasicTriple.frame_innerO
OctonionForm	790	theorem	Octonion.BasicTriple.frame_linearIndependent
OctonionForm	803	def	Octonion.BasicTriple.frameBasis
OctonionForm	807	theorem	Octonion.BasicTriple.frameBasis_apply
PairingE2	81	theorem	ASection.pole_le_upperEdge
PairingE2	170	theorem	ASection.ne_pole_of_re_gt
PairingE2	180	theorem	ASection.Rfac_ne_zero_of_re_gt
PairingE2	201	theorem	ASection.indices_in_closedBall_finite
PairingE2	231	def	ASection.sphereTail
PairingE2	238	theorem	ASection.tprod_split_finset
PairingE2	286	def	ASection.sphereComplement
PairingE2	291	theorem	ASection.eq_head_mul_complement
PairingE2	304	theorem	ASection.sphereTail_ne_zero
PairingE2	325	theorem	ASection.sphereComplement_ne_zero
PairingE2	337	theorem	ASection.sphereComplement_analyticAt
PairingE2	403	theorem	ASection.logDeriv_eq_sum_head_add_complement
PairingE2	439	theorem	logDeriv_spherePrimary_peel
PairingE2	454	theorem	analyticAt_logDeriv
PairingE2	473	theorem	ASection.circleIntegral_mul_logDeriv
PairingE2	610	theorem	ASection.exists_head_finset
PairingE2	623	theorem	ASection.circleIntegral_liKernel_logDeriv
PairingE2	644	theorem	ASection.circleIntegral_mul_logDeriv_halfSpace
PairingE2	665	theorem	ASection.circleIntegral_pairing_halfSpace
PairingE2	693	theorem	ASection.tendsto_head_sums_liSum
PairingE2	710	theorem	ASection.head_kernel_sum_eq_circleIntegral_re
PairingE2	738	theorem	ASection.liSum_eq_lim_circleIntegral_re
PairingE2	768	theorem	ASection.exists_exhausting_disks
PairingE2	876	theorem	ASection.exists_liSum_contour_representation
PhiConversion	63	def	H1.coordRead
PhiConversion	66	theorem	H1.coordRead_coe
PhiConversion	72	theorem	H1.coordRead_smul
PhiConversion	84	def	H1.coordFunctor
PhiConversion	97	theorem	H1.zigzag_coordRead
PhiConversion	103	theorem	H1.zigzag_of_smul
PhiConversion	112	theorem	H1.sphere_zigzag
PhiConversion	125	theorem	H1.zigzag_ne_of_coord_ne
PhiConversion	140	theorem	Octonion.normSq_nonneg
PhiConversion	151	def	SliceWorld.modulus
PhiConversion	154	theorem	SliceWorld.modulus_coe
PhiConversion	158	theorem	SliceWorld.modulus_infty
PhiConversion	166	theorem	SliceWorld.modulus_gen
PhiConversion	185	def	SliceWorld.modulusHom
PhiConversion	197	def	S2.modulusFunctor
PhiConversion	205	theorem	S2.zigzag_modulus
PhiConversion	211	theorem	S2.zigzag_of_gen
PhiConversion	218	theorem	S2.exists_band_rotation
PhiConversion	239	theorem	S2.unitSphere_nonempty
PhiConversion	248	theorem	S2.zigzag_to_norm
PhiConversion	280	theorem	S2.zigzag_of_normSq_eq
PhiConversion	294	theorem	S2.zigzag_iff_modulus
PhiConversion	315	def	S2.moduliRead
PhiConversion	318	theorem	S2.moduliRead_coe
PhiConversion	323	theorem	S2.moduliRead_infty
PhiConversion	328	theorem	S2.moduliRead_eq_of_modulus_eq
PhiConversion	350	def	S2.componentOfModulus
PhiConversion	359	theorem	S2.componentOfModulus_moduliRead
PhiConversion	372	theorem	S2.moduliRead_ofReal_sqrt
PhiConversion	384	def	S2.componentsEquiv
PhiConversion	395	theorem	S2.componentsEquiv_mk
PhiConversion	405	theorem	S2.level_not_invariant
PhiConversion	417	theorem	Octonion.ofReal_zero
PhiConversion	422	theorem	Octonion.sliceEmbed_zero
PhiConversion	432	theorem	ASection.realize_of_stem_zero
PhiConversion	446	theorem	ASection.sliceCoord_sphere_pt
PhiConversion	454	theorem	ASection.im_sphere_pt_ne_zero
PhiConversion	467	theorem	ASection.realize_sphereZero_pt
PhiConversion	478	theorem	ASection.phi_sphere_obj
PhiConversion	488	theorem	ASection.phi_glue
PhiConversion	498	theorem	ASection.phi_class_eq
PhiConversion	514	theorem	ASection.realize_pole
PhiConversion	542	theorem	ASection.phi_image_modulus
PhiConversion	561	theorem	ASection.sphere_domain_modulus
PhiConversion	576	theorem	ASection.phi_encounter_zigzag
PhiConversion	595	theorem	ASection.phi_collapse_proper
ProjectiveBase	30	abbrev	GreatCircle.Point
ProjectiveBase	33	abbrev	GreatCircle.Aut
ProjectiveBase	38	theorem	GreatCircle.scalar_smul
ProjectiveBase	47	instance	GreatCircle.instMulActionAutPoint
ProjectiveBase	53	theorem	GreatCircle.mk_smul
ProjectiveBase	58	abbrev	GreatCircle.Base
ProjectiveBase	62	def	GreatCircle.groupoid
Recovery	23	structure	ASection.GpvTransport
Recovery	38	theorem	ASection.GpvTransport.toRealizes
Recovery	50	def	ASection.GpvTransport.ofEulerHalfSpaceLoop
Recovery	99	def	ASection.GpvTransport.ofLeftRegionLoop
Recovery	144	def	ASection.GpvTransport.id
Recovery	170	def	ASection.GpvTransport.inv
Recovery	201	def	ASection.GpvTransport.comp
Recovery	266	structure	ASection.GpvBase
Recovery	273	def	ASection.GpvRealizes
Recovery	276	instance	ASection.instGroupoidGpvBase
Recovery	296	def	ASection.gpvForget
Recovery	306	def	ASection.compactifiedSphereMap
Recovery	310	theorem	ASection.compactifiedSphereMap_val
Recovery	319	theorem	ASection.realizes_gpv_lift
RhEquiv	43	theorem	nontrivial_of_im_ne_zero
RhEquiv	57	theorem	concentric_of_RH
RhEquiv	69	theorem	riemannZeta_one_sub_zero
RhEquiv	100	theorem	upperZero_re_eq_half_of_concentric
RhEquiv	135	theorem	riemannHypothesis_iff_concentric
SigmaE3	79	def	stemWinding
SigmaE3	86	theorem	stemWinding_spec
SigmaE3	98	theorem	stemWinding_eq_of_lift
SigmaE3	119	theorem	stemWinding_eq_zero_iff
SigmaE3	139	theorem	stemWinding_const
SigmaE3	153	theorem	stemWinding_mul
SigmaE3	175	theorem	stemWinding_pow
SigmaE3	197	theorem	stemWinding_inv
SigmaE3	213	theorem	stemWinding_eq_zero_of_slitPlane
SigmaE3	229	theorem	stemWinding_eq_zero_of_near_const
SigmaE3	262	def	circleLoop
SigmaE3	266	theorem	circleLoop_apply
SigmaE3	270	theorem	circleLoop_closed
SigmaE3	275	theorem	circleLoop_dist
SigmaE3	285	theorem	stemWinding_circleLoop_sub_center
SigmaE3	308	theorem	circleLoop_im_pos
SigmaE3	322	theorem	ASection.continuous_F_circleLoop
SigmaE3	330	theorem	ASection.fiber_tally_pos
SigmaE3	348	theorem	ASection.stemWinding_circle_sphereZero
SigmaE3	467	theorem	ASection.sigma_level_separation
SigmaE3	540	def	obstructionSet
SigmaE3	549	def	stemDirSign
SigmaE3	563	structure	CrossingData
SigmaE3	579	def	CrossingData.IsFlip
SigmaE3	583	def	CrossingData.IsBounce
SigmaE3	587	theorem	CrossingData.flip_or_bounce
SigmaE3	592	theorem	CrossingData.not_flip_and_bounce
SigmaE3	602	theorem	sum_range_neg_one_pow_succ
SigmaE3	623	def	stemSignature
SigmaE3	628	theorem	stemSignature_no_flips
SigmaE3	639	def	intervalSign
SigmaE3	649	def	circularSignature
SigmaE3	654	theorem	stemSignature_const_sign
SigmaE3	674	theorem	stemSignature_mem_of_pos
SigmaE3	689	theorem	lift_height_pi_iff
SigmaE3	705	theorem	arc_band_confined
SigmaE3	730	theorem	crossing_height_odd_of_neg
SigmaE3	746	theorem	crossing_height_even_of_pos
SigmaE3	779	theorem	band_side_of_sign
SigmaE3	849	theorem	crossing_band_ledger
SigmaE3	879	theorem	winding_height_shift
SigmaE3	895	theorem	ASection.stemWinding_circle_pole
SigmaE3	983	theorem	ASection.no_closed_lift_around_sphereZero
Slice	28	theorem	Octonion.ofReal_eq_smul_one
Slice	36	theorem	Octonion.re_smul
Slice	40	theorem	Octonion.re_add
Slice	42	theorem	Octonion.re_sub
Slice	44	theorem	Octonion.re_one
Slice	48	def	Octonion.im
Slice	51	def	Octonion.norm
Slice	58	def	Octonion.dir
Slice	62	def	Octonion.sliceCoord
Slice	65	def	Octonion.sliceEmbed
Slice	73	theorem	Octonion.sliceEmbed_mul
Slice	83	theorem	Octonion.re_im
Slice	86	theorem	Octonion.im_ofReal
Slice	90	theorem	Octonion.eq_ofReal_of_im_eq_zero
Slice	98	theorem	Octonion.dir_mem_unitImaginarySphere
Slice	107	theorem	Octonion.sliceEmbed_ofReal
Slice	111	theorem	Octonion.re_sliceEmbed
Slice	115	theorem	Octonion.im_sliceEmbed
Slice	119	theorem	Octonion.norm_smul_unit
Slice	123	theorem	Octonion.norm_zero
Slice	126	theorem	Octonion.norm_pos_of_ne_zero
Slice	130	theorem	Octonion.normSq_ofReal
Slice	133	theorem	Octonion.norm_ofReal
Slice	139	theorem	Octonion.normSq_sliceEmbed
Slice	151	theorem	Octonion.sliceEmbed_dir_sliceCoord
Slice	161	theorem	Octonion.sliceCoord_sliceEmbed
Slice	165	theorem	Octonion.dir_sliceEmbed_of_pos
Slice	170	theorem	Octonion.dir_sliceEmbed_of_neg
Slice	175	theorem	Octonion.dir_sliceEmbed_of_im_zero
Slice	182	theorem	Octonion.sliceEmbed_neg_conj
Slice	189	theorem	Octonion.sliceEmbed_zero_dir
Slice	195	def	Octonion.sliceSphere
Slice	209	theorem	G2.smul_add
Slice	212	theorem	G2.smul_sub
Slice	215	theorem	G2.smul_rsmul
Slice	221	theorem	G2.im_smul_ne_zero
Slice	236	theorem	G2.smul_re_normSq
Slice	287	theorem	G2.smul_re
Slice	291	theorem	G2.smul_normSq
Slice	295	theorem	G2.smul_norm
Slice	300	theorem	G2.smul_im
Slice	306	theorem	G2.smul_dir
Slice	312	theorem	G2.smul_sliceEmbed
Slice	317	theorem	G2.smul_onePoint_infty
Slice	320	theorem	G2.smul_onePoint_coe
Slice	340	def	ASection.realize
Slice	352	theorem	ASection.realize_coe
Slice	360	theorem	ASection.realize_infty
Slice	371	theorem	ASection.realize_mem_sliceSphere
Slice	425	theorem	ASection.sliceCoord_smul_invariant
Slice	436	theorem	ASection.realize_equivariant
SliceSphereWorld	92	def	Moebius
SliceSphereWorld	96	def	Moebius.of
SliceSphereWorld	99	theorem	Moebius.of_apply
SliceSphereWorld	106	def	bandGL
SliceSphereWorld	111	theorem	bandGL_val
SliceSphereWorld	114	def	bandMoebius
SliceSphereWorld	118	theorem	bandMoebius_apply_coe
SliceSphereWorld	138	theorem	bandMoebius_apply_infty
SliceSphereWorld	147	theorem	bandMoebius_apply_zero
SliceSphereWorld	152	theorem	bandGL_one
SliceSphereWorld	158	theorem	bandGL_mul
SliceSphereWorld	167	def	bandMoebiusHom
SliceSphereWorld	194	def	SphereWorld
SliceSphereWorld	200	structure	SphereHom
SliceSphereWorld	226	theorem	SphereHom.comp_rot
SliceSphereWorld	229	theorem	SphereHom.comp_mob
SliceSphereWorld	232	theorem	SphereHom.id_rot
SliceSphereWorld	234	theorem	SphereHom.id_mob
SliceSphereWorld	253	def	dirHom
SliceSphereWorld	259	def	dirHomTo
SliceSphereWorld	263	def	mobHom
SliceSphereWorld	267	def	bandHomAt
SliceSphereWorld	272	def	bandEnd
SliceSphereWorld	288	theorem	sphereWorld_zigzag
SliceSphereWorld	295	def	baseWorld
StemFactorization	49	theorem	ASection._root_.Multipliable.tprod_eq_zero_of_eq_zero
StemFactorization	59	theorem	ASection._root_.spherePrimary_self_eq_zero
StemFactorization	67	theorem	ASection.stem_zero_of_sphereZero
StemFactorization	90	theorem	ASection._root_.weierstrassE_eq_zero_iff
StemFactorization	103	theorem	ASection._root_.spherePrimary_ne_zero
StemFactorization	115	theorem	ASection._root_.tprod_ne_zero_of_norm_sub_one_le
StemFactorization	133	theorem	ASection.sphereZero_complete
StemFactorization	178	theorem	ASection.logDeriv_euler
StemFactorization	225	theorem	ASection._root_.differentiable_weierstrassE_div
StemFactorization	231	theorem	ASection._root_.differentiable_spherePrimary
StemFactorization	252	theorem	ASection.logDeriv_weierstrass
StemFactorization	425	theorem	ASection._root_.inv_re_bridge
StemFactorization	437	theorem	ASection.stem_identity_logDeriv
StemFactorization	454	theorem	ASection.ledger_meromorphic
StemFactorization	463	theorem	ASection.sphereZero_fiber_finite
StemFactorization	501	theorem	ASection._root_.weierstrassE_div_factor
StemFactorization	513	def	ASection._root_.sphereUnit
StemFactorization	519	theorem	ASection._root_.spherePrimary_eq_sub_mul_sphereUnit
StemFactorization	525	theorem	ASection._root_.differentiable_sphereUnit
StemFactorization	533	theorem	ASection._root_.sphereUnit_ne_zero
StemFactorization	549	theorem	ASection.stem_local_form
StemFactorization	752	theorem	ASection.logDeriv_local_form
StemFactorization	813	theorem	ASection.ledger_orderAt_zero
StemFactorization	826	theorem	ASection.ledger_residueAt_zero
StemRing	14	structure	used
StemRing	34	def	IsIntrinsic
StemRing	49	def	StemRing
StemRing	71	theorem	StemRing.differentiable
StemRing	74	theorem	StemRing.isIntrinsic
StemRing	85	theorem	StemRing.eq_zero_or_eq_zero_of_mul_eq_zero
StemRing	110	theorem	StemRing.real_on_real
SweepE5	89	theorem	sweepE5_level_readout
SweepE5	100	theorem	sweepE5_lift_level_tape
SweepE5	121	theorem	ASection.sweepE5_encounter_levels_unbounded_below
SweepE5	154	theorem	ASection.sweepE5_encounter_level_not_unique
SynthesisE6	86	theorem	unitSphereE6_nonempty
SynthesisE6	94	theorem	im_pos_of_close
SynthesisE6	104	theorem	sliceCoord_embed_of_im_pos
SynthesisE6	112	theorem	im_embed_ne_zero
SynthesisE6	130	theorem	ASection.exists_zero_level_above
SynthesisE6	154	theorem	ASection.negation_winding_configuration
SynthesisE6	197	theorem	ASection.zero_pole_pair_winding
SynthesisE6	228	theorem	ASection.zero_pole_pair_closes_through_witness
SynthesisE6	275	theorem	ASection.phi_shared_ladder_glue
SynthesisE6	325	theorem	ASection.in
SynthesisE6	326	theorem	ASection.phi_encounter_read_not_unique
Theorem	31	def	pi0Functor
Theorem	52	def	pi0Cocone
Theorem	68	def	toColimitObj
Theorem	77	theorem	toColimitObj_eq_of_hom
Theorem	92	theorem	toColimitObj_eq_of_zigzag
Theorem	108	def	pi0GrothendieckEquiv
Theorem	144	theorem	pi0_grothendieck
Theorem	171	def	ASection.transportLevel
Toolkit	7	theorem	in
Toolkit	47	def	Octonion.exp
Toolkit	57	theorem	Octonion.exp_sliceEmbed
Toolkit	75	theorem	Octonion.exp_sliceEmbed_of_im_neg
Toolkit	88	theorem	Octonion.norm_exp
Toolkit	110	theorem	Octonion.exp_ne_zero
Toolkit	117	theorem	Octonion.exp_sliceEmbed'
Toolkit	150	theorem	Octonion.exp_fibre_neg_real
Toolkit	246	theorem	stem_identity
Toolkit	274	theorem	exists_log_continuation
Toolkit	301	theorem	winding_lift_unique
Toolkit	343	theorem	winding_loop_defect
TransportObject	40	def	BaseC
TransportObject	51	def	BaseC.nPt
TransportObject	54	def	BaseC.lvl
TransportObject	73	theorem	BaseC.le_nPt
TransportObject	80	def	bandFunctorC
TransportObject	85	def	TotalTransport
TransportObject	94	def	TotalTransport.ofBase
TransportObject	100	def	TotalTransport.nObj
TransportObject	110	def	TotalTransport.toNHom
TransportObject	117	theorem	TotalTransport.zigzag_to_n
TransportObject	121	theorem	TotalTransport.classOf_eq_nClass
TransportObject	133	theorem	TotalTransport.transport_not_level_separating
TransportObject	149	structure	ASection.TransportWitness
TransportObject	162	def	ASection.Populated
TransportObject	168	def	ASection.populated
TransportObject	173	def	ASection.transportClass
TransportObject	184	theorem	ASection.concentricity_transport
TransportObject	195	theorem	ASection.transport_universal
TwoWorlds	35	def	SliceWorld
TwoWorlds	43	inductive	SliceWorld.Gen
TwoWorlds	59	inductive	SliceWorld.Rel
TwoWorlds	71	def	S2
TwoWorlds	77	def	S2.of
TwoWorlds	86	def	S2.directionHom
TwoWorlds	96	theorem	S2.directionHom_one
TwoWorlds	109	theorem	S2.directionHom_mul
TwoWorlds	125	def	H1.of
TwoWorlds	142	def	sectionFunctor
TwoWorlds	156	theorem	sectionFunctor_map_direction
TwoWorlds	166	theorem	sectionFunctor_obj
WeldW12	97	theorem	addMulI_re
WeldW12	103	theorem	addMulI_im
WeldW12	109	theorem	neg_I_mul_re
WeldW12	113	theorem	neg_one_mul_re
WeldW12	116	theorem	ofReal_mul_I_re
WeldW12	120	theorem	ofReal_mul_I_im
WeldW12	133	theorem	ASection.continuousOn_eulerSum
WeldW12	168	theorem	ASection.c2_tail_confinement
WeldW12	213	theorem	ASection.stemWinding_c2_factor
WeldW12	238	theorem	ASection.stemWinding_F_halfSpace
WeldW12	274	theorem	ASection.arg_control_right_wall
WeldW12	320	theorem	ASection.F_ne_zero_of_re_lt_lowerEdge
WeldW12	332	theorem	ASection.exists_leftWall_zero_free
WeldW12	358	theorem	stemWinding_eq_of_homotopy
WeldW12	483	theorem	stemWinding_comp_eq_zero_of_convex
WeldW12	529	theorem	stemWinding_eq_of_common_halfPlane
WeldW12	576	theorem	stemWinding_eq_zero_of_halfPlane
WeldW12	599	theorem	stemWinding_finset_prod
WeldW12	629	def	openRect
WeldW12	634	def	closedRect
WeldW12	641	theorem	convex_closedRect
WeldW12	653	def	rectAux
WeldW12	659	theorem	rectAux_of_le_one
WeldW12	665	theorem	rectAux_of_one_lt_le_two
WeldW12	671	theorem	rectAux_of_two_lt_le_three
WeldW12	677	theorem	rectAux_of_three_lt
WeldW12	688	theorem	continuous_rectAux
WeldW12	713	def	rectLoop
WeldW12	717	theorem	rectLoop_apply
WeldW12	720	theorem	rectLoop_closed
WeldW12	731	theorem	rectLoop_mem_closedRect
WeldW12	769	theorem	rectLoop_notMem_openRect
WeldW12	798	def	phaseLoop
WeldW12	802	theorem	phaseLoop_apply
WeldW12	806	theorem	phaseLoop_re
WeldW12	811	theorem	phaseLoop_im
WeldW12	816	theorem	phaseLoop_ne_zero
WeldW12	820	theorem	phaseLoop_closed
WeldW12	833	theorem	stemWinding_phaseLoop
WeldW12	855	theorem	stemWinding_rectLoop_sub_interior
WeldW12	958	theorem	ASection.exists_rect_head_finset
WeldW12	1001	theorem	ASection.stemWinding_F_rectLoop
WeldW12	1158	theorem	ASection.stemWinding_F_stripRect
WeldW12	1191	theorem	ASection.stemWinding_F_leftRegion
WeldW12	1230	theorem	ASection.counting_pair_of_two_levels
WeldW12	1351	theorem	openRect_disjoint_of_le
WeldW12	1370	theorem	ASection.trapped_counts_additive
WeldW3	104	theorem	Octonion.sliceEmbed_eq_smul
WeldW3	124	theorem	stem_direction_disconnected
WeldW3	147	theorem	Octonion.direction_path_to_neg
WeldW3	202	theorem	Octonion.companion_forced
WeldW3	224	def	ASection.sphereLoop
WeldW3	232	theorem	ASection.sphereLoop_apply
WeldW3	240	theorem	ASection.sphereLoop_closed
WeldW3	249	theorem	ASection.sphereLoop_encircles
WeldW3	271	theorem	ASection.sphereLoop_obstruction_empty
WeldW3	287	theorem	ASection.sphereLoop_companion
WeldW3	300	theorem	ASection.sphereLoop_tame
WeldW3	316	theorem	ASection.sphereLoop_crossing_isEmpty
WeldW3	327	theorem	ASection.sphereLoop_sigma_c_zero
WeldW3	348	theorem	ASection.sphereLoop_domain_winding_zero
WeldW3	364	theorem	Octonion.exp_fibre_re
WeldW3	377	theorem	Octonion.exp_fibre_concentric
WeldW3	391	theorem	Octonion.exp_kernel_unit_imaginary
WeldW3	425	theorem	ASection.sphereLoop_value_band
WeldW3	458	theorem	ASection.realize_sphereLoop
WeldW3	487	theorem	ASection.sphereLoop_value_winding
WeldW3	519	theorem	stemWinding_pos_meets_neg_real
WeldW3	576	theorem	ASection.sphereLoop_touches_degenerate
WeldW3	639	theorem	ASection.concentricity_via_weldW3
WeldW4	106	theorem	ASection.two_center_disjoint_counts
WeldW4	165	theorem	ASection.two_center_winding_onto_one_band
ZeroSpheres	29	def	zeroSphere
ZeroSpheres	34	theorem	_root_.G2.smul_mem_unitImaginarySphere
ZeroSpheres	41	theorem	mem_zeroSphere_iff
ZeroSpheres	70	theorem	zeroSphere_eq_orbit
ZeroSpheres	87	theorem	zeroSphere_zeros
ZeroSpheres	97	theorem	mem_zeroSphere_of_zetaO_zero
ZeroSpheres	112	theorem	_root_.Octonion.neg_mem_unitImaginarySphere
ZeroSpheres	123	theorem	zeroSphere_neg
ZeroSpheres	144	theorem	zeroSphere_disjoint
ZeroSpheres	163	theorem	zeroParams_infinite
ZeroSpheres	183	theorem	_root_.Octonion.unitImaginarySphere_nonempty
ZeroSpheres	190	theorem	zeroSphere_nonempty
ZeroSpheres	202	theorem	zeroSpheres_infinite
ZetaAssembly	37	theorem	weierstrassE_zero
ZetaAssembly	46	theorem	zetaProd_zero
ZetaAssembly	56	theorem	analyticOrderAt_ne_top_of_ne_zero
ZetaAssembly	69	theorem	xi_orderAt_ne_top
ZetaAssembly	74	theorem	zetaProd_orderAt_ne_top
ZetaAssembly	81	theorem	xiOverProd_meromorphicOn
ZetaAssembly	87	theorem	xiOverProd_orderAt
ZetaAssembly	101	theorem	xi_eq_unit_mul_zetaProd
ZetaAssembly	164	theorem	zeta_hadamard
ZetaConj	38	theorem	HasDerivAt.conj_comp_conj
ZetaConj	62	theorem	riemannZeta_conj
ZetaConj	125	theorem	riemannZeta_intrinsic
ZetaConj	130	theorem	riemannZeta_im_ofReal
ZetaConj	134	theorem	Gamma
ZetaCstar	29	def	zetaC
ZetaCstar	34	theorem	zetaC_coe
ZetaCstar	39	theorem	zetaC_one
ZetaCstar	43	theorem	zetaC_infty
ZetaCstar	51	theorem	zetaC_coe_eq_zero_iff
ZetaCstar	66	theorem	zetaC_zero_iff
ZetaDensity	27	theorem	zetaSection_liSum_summable
ZetaDensityCore	37	theorem	zetaUpperZeros_ball_finite
ZetaDensityCore	50	theorem	zetaEnum_count_le_sum_mult
ZetaDensityCore	106	theorem	sum_mult_le_finsum_divisor
ZetaDensityCore	157	theorem	zetaEnum_count_le
ZetaDensityCore	216	def	zetaShellIdx
ZetaDensityCore	220	theorem	zetaShellIdx_bounds
ZetaDensityCore	246	theorem	zeta_term_le_shell
ZetaDensityCore	260	theorem	zeta_shell_card_le
ZetaDensityCore	276	theorem	zeta_shell_count_bound
ZetaDensityCore	323	theorem	summable_shellBound
ZetaDensityCore	354	theorem	zetaSphereZero_density
ZetaDivisor	45	def	zetaUpperZeros
ZetaDivisor	50	theorem	zetaUpperZeros_countable
ZetaDivisor	66	theorem	zetaUpperZeros_infinite
ZetaDivisor	89	def	zetaZeroMult
ZetaDivisor	95	theorem	pattern
ZetaDivisor	96	theorem	zetaZeroMult_pos
ZetaDivisor	128	def	zetaZeroPairs
ZetaDivisor	131	theorem	zetaZeroPairs_countable
ZetaDivisor	136	theorem	zetaZeroPairs_infinite
ZetaDivisor	147	def	zetaZeroEnum
ZetaDivisor	157	def	zetaSphereZero
ZetaDivisor	160	theorem	zetaSphereZero_mem
ZetaDivisor	164	theorem	zetaSphereZero_im_pos
ZetaDivisor	167	theorem	zetaSphereZero_zero
ZetaDivisor	172	theorem	zetaSphereZero_surjective
ZetaDivisor	178	theorem	zetaSphereZero_range
ZetaDivisor	187	theorem	zetaSphereZero_range_infinite
ZetaInfinitude	37	def	xi
ZetaInfinitude	41	theorem	xi_eq
ZetaInfinitude	50	theorem	xi_entire
ZetaInfinitude	57	theorem	xi_zero
ZetaInfinitude	60	theorem	xi_one
ZetaInfinitude	68	theorem	completedRiemannZeta_neg_two_mul_ne_zero
ZetaInfinitude	97	theorem	xi_zeros_eq_nontrivialZeros
ZetaInfinitude	152	theorem	xi_analyticOnNhd
ZetaInfinitude	160	theorem	xi_meromorphicOrderAt_ne_top
ZetaInfinitude	173	theorem	xi_divisor_nonneg
ZetaInfinitude	180	theorem	xi_divisor_eq_zero_of_ne_zero
ZetaInfinitude	190	theorem	xi_divisor_support_finite
ZetaInfinitude	209	theorem	xi_factorization_of_finite
ZetaInfinitude	251	theorem	exists_log_of_entire_nonvanishing
ZetaInfinitude	292	theorem	one_le_riemannZeta_re_of_real
ZetaInfinitude	325	theorem	gamma_lower_bound_real
ZetaInfinitude	447	theorem	lambda0_norm_le
ZetaInfinitude	460	theorem	f_modif_norm_integrable
ZetaInfinitude	474	theorem	piece_A_bound
ZetaInfinitude	491	theorem	f_modif_exp_decay
ZetaInfinitude	544	theorem	piece_B_bound
ZetaInfinitude	610	theorem	lambda0_bound_right
ZetaInfinitude	632	theorem	lambda0_reflect
ZetaInfinitude	648	theorem	growth_massage
ZetaInfinitude	746	theorem	completedZeta
ZetaInfinitude	788	theorem	xi_growth
ZetaInfinitude	852	theorem	affine_of_subquadratic_growth
ZetaInfinitude	957	theorem	absorb_const
ZetaInfinitude	992	theorem	log_factor_growth
ZetaInfinitude	1157	theorem	xi_finprod_poly_bound
ZetaInfinitude	1222	theorem	riemannZeta_nontrivialZeros_infinite
ZetaOctonion	53	def	zetaO
ZetaOctonion	61	theorem	zetaO_infty
ZetaOctonion	68	theorem	zetaO_one
ZetaOctonion	74	theorem	sliceEmbed_ne_pole
ZetaOctonion	88	theorem	zetaO_sliceEmbed
ZetaOctonion	100	theorem	_root_.G2.smul_sliceCoord
ZetaOctonion	110	theorem	zetaO_equivariant
ZetaOctonion	129	theorem	sliceEmbed_eq_zero_iff
ZetaOctonion	155	theorem	zetaO_zero_iff
ZetaOctonion	163	theorem	sliceEmbed_ne_pole'
ZetaOctonion	181	theorem	zetaO_sliceEmbed_of_im_neg
ZetaOctonion	198	theorem	zetaO_ofReal
ZetaOctonion	223	theorem	zetaO_sliceEmbed'
ZetaOctonion	262	theorem	zetaO_mem_sliceSphere
ZetaPole	29	theorem	riemannZeta_analyticAt
ZetaPole	38	def	zetaPoleUnit
ZetaPole	41	theorem	zetaPoleUnit_one
ZetaPole	44	theorem	zetaPoleUnit_apply_of_ne
ZetaPole	51	theorem	zetaPoleUnit_analyticAt_one
ZetaPole	66	theorem	riemannZeta_meromorphicAt_one
ZetaPole	81	theorem	riemannZeta_meromorphicOn
ZetaPole	92	theorem	riemannZeta_orderAt_one
ZetaPole	108	def	zetaRfac
ZetaPole	111	theorem	zetaRfac_apply_of_ne
ZetaRealZeros	46	def	etaPair
ZetaRealZeros	50	def	etaPaired
ZetaRealZeros	53	def	zterm
ZetaRealZeros	57	theorem	etaPair_eq_integral
ZetaRealZeros	94	theorem	etaPair_norm_le
ZetaRealZeros	121	theorem	summable_pairBound
ZetaRealZeros	139	theorem	differentiable_etaPair
ZetaRealZeros	155	theorem	summable_etaPair
ZetaRealZeros	162	theorem	etaPaired_analyticOnNhd
ZetaRealZeros	209	theorem	etaPaired_eq_of_one_lt_re
ZetaRealZeros	265	def	poleFactor
ZetaRealZeros	268	theorem	poleFactor_apply_of_ne
ZetaRealZeros	273	theorem	differentiable_two_cpow_one_sub
ZetaRealZeros	286	theorem	poleFactor_analyticAt
ZetaRealZeros	335	theorem	zetaPoleUnit_analyticAt
ZetaRealZeros	349	theorem	etaPaired_eq_poleFactor_mul
ZetaRealZeros	381	theorem	riemannZeta_ne_zero_of_real_mem_Ioo
ZetaRealZeros	431	theorem	nontrivialZero_im_ne_zero
ZetaSection	64	def	zetaEulerLog
ZetaSection	70	theorem	zetaC2_intrinsic
ZetaSection	78	theorem	norm_prime_cpow_neg
ZetaSection	85	theorem	norm_prime_cpow_neg_lt_one
ZetaSection	95	theorem	zetaEulerLog_eq_of_re_pos
ZetaSection	131	theorem	differentiableAt_eulerLog_classical
ZetaSection	154	theorem	zetaC2_analyticAt
ZetaSection	172	theorem	zetaC2_zero_free
ZetaSection	194	theorem	summable_prime_cpow_neg
ZetaSection	205	theorem	zetaC2_summable
ZetaSection	221	theorem	zetaC2_euler
ZetaSection	231	theorem	zetaC2_locMajorant
ZetaSection	285	theorem	zetaRfac_intrinsic
ZetaSection	301	theorem	zetaRfac_entire
ZetaSection	332	theorem	zetaRfac_zeros_real
ZetaSection	358	theorem	zetaC3_package
ZetaSection	395	def	zetaGfac
ZetaSection	397	theorem	zetaGfac_intrinsic
ZetaSection	400	theorem	zetaGfac_entire
ZetaSection	403	theorem	zetaC3_multipliable
ZetaSection	407	theorem	zetaC3_locMajorant
ZetaSection	413	theorem	zetaC3_factorization
ZetaSection	429	def	zetaSection
ZetaStrip	37	theorem	completedRiemannZeta_eq_zero_of_zeta
ZetaStrip	48	theorem	riemannZeta_eq_zero_of_completed
ZetaStrip	59	theorem	nontrivialZero_re_mem_Ioo
ZetaWeierstrass	38	theorem	logTaylor_neg_eq
ZetaWeierstrass	58	theorem	weierstrassE_eq_exp_tail
ZetaWeierstrass	73	theorem	norm_weierstrassE_sub_one_le
ZetaWeierstrass	112	theorem	norm_spherePrimary_sub_one_le
ZetaWeierstrass	168	theorem	zetaSphereZero_norm_lt_finite
ZetaWeierstrass	203	theorem	zetaWeierstrass_bound_of_far
ZetaWeierstrass	222	theorem	summable_geoBound
ZetaWeierstrass	232	theorem	zetaC3_multipliable_proved
ZetaWeierstrass	249	theorem	zetaC3_locMajorant_proved
ZetaXiMatch	39	theorem	weierstrassE_conj
ZetaXiMatch	51	theorem	spherePrimary_conj
ZetaXiMatch	66	theorem	AnalyticAt.conj_comp_conj
ZetaXiMatch	92	theorem	IsIntrinsic.analyticOrderAt_conj
ZetaXiMatch	128	def	zetaProd
ZetaXiMatch	133	theorem	zetaProd_analyticAt
ZetaXiMatch	157	theorem	zetaProd_intrinsic
ZetaXiMatch	172	theorem	completedRiemannZeta
ZetaXiMatch	223	theorem	xi_intrinsic
ZetaXiMatch	232	theorem	zetaSphereZero_fiber_finite
ZetaXiMatch	243	theorem	zetaSphereZero_fiber_ncard
ZetaXiMatch	289	theorem	zetaProd_ne_zero
ZetaXiMatch	305	theorem	zetaTail_summable
ZetaXiMatch	319	theorem	zetaProd_split
ZetaXiMatch	347	theorem	zetaProd_orderAt_upper
ZetaXiMatch	472	theorem	xi_analyticAt
ZetaXiMatch	477	theorem	riemannZeta_orderAt_ne_top
ZetaXiMatch	495	theorem	Gamma
ZetaXiMatch	537	theorem	xi_orderAt_upper
ZetaXiMatch	575	theorem	xi_orderAt_eq_zetaProd_orderAt
